{
  "loss": [
    47.067604064941406
  ],
  "val_loss": [
    32.199180603027344
  ],
  "learning_rate": [
    0.0003000000142492354
  ],
  "avg_wer": 0.9476515151514998,
  "avg_cer": 0.5710661044311992
}