{
  "loss": [
    46.73570251464844,
    33.43205261230469,
    29.15436553955078,
    25.404891967773438,
    21.133930206298828,
    18.380794525146484,
    15.890172004699707,
    14.39400863647461,
    12.779111862182617,
    11.283711433410645,
    9.331727027893066,
    7.856227874755859,
    6.642892360687256,
    6.000995635986328,
    4.835775852203369,
    4.352794170379639,
    4.018741607666016,
    3.825378179550171,
    3.663172721862793,
    3.497954845428467,
    3.082026243209839,
    2.937800407409668,
    2.8605124950408936,
    2.7677807807922363,
    2.592899799346924,
    2.4917242527008057,
    2.4701473712921143,
    2.4146664142608643,
    2.3783633708953857,
    2.3285069465637207,
    2.3007960319519043,
    2.2662041187286377,
    2.209764242172241,
    2.18552303314209,
    2.1314051151275635,
    2.116349935531616,
    2.100048542022705,
    2.078202962875366,
    2.0555572509765625,
    2.0401787757873535,
    2.022554397583008,
    2.0184218883514404,
    2.0026378631591797,
    2.000871181488037,
    1.9749975204467773,
    1.9640809297561646,
    1.9690624475479126,
    1.9665913581848145,
    1.9349323511123657,
    1.93988037109375,
    1.912423014640808,
    1.91117525100708,
    1.8998510837554932,
    1.8953213691711426,
    1.8857519626617432,
    1.8851786851882935,
    1.8968915939331055,
    1.8842140436172485,
    1.8841403722763062,
    1.8862477540969849,
    1.8665385246276855,
    1.8859039545059204,
    1.8786873817443848,
    1.8650767803192139,
    1.8642500638961792
  ],
  "val_loss": [
    34.60626220703125,
    38.51264190673828,
    29.58546257019043,
    22.267080307006836,
    22.23551368713379,
    19.63545799255371,
    33.79889678955078,
    18.03455352783203,
    22.462718963623047,
    16.35487937927246,
    10.629376411437988,
    22.053062438964844,
    16.630176544189453,
    12.075445175170898,
    6.021047592163086,
    18.308250427246094,
    4.856761455535889,
    8.430313110351562,
    7.376858711242676,
    7.337306976318359,
    4.271336555480957,
    4.359979152679443,
    5.42009973526001,
    4.348759651184082,
    4.419270992279053,
    4.196242332458496,
    4.5238938331604,
    3.9100098609924316,
    3.8274850845336914,
    5.828015327453613,
    4.505277156829834,
    3.8500635623931885,
    3.5843377113342285,
    3.496744394302368,
    3.6429734230041504,
    3.5332283973693848,
    3.6934657096862793,
    3.4975194931030273,
    3.5737056732177734,
    3.4787280559539795,
    3.4462051391601562,
    3.4751789569854736,
    3.5666542053222656,
    3.441293716430664,
    3.5715279579162598,
    3.424346446990967,
    3.4205520153045654,
    3.647611379623413,
    3.506582498550415,
    3.5457077026367188,
    3.4732744693756104,
    3.4598045349121094,
    3.4214837551116943,
    3.4017093181610107,
    3.3947560787200928,
    3.3870468139648438,
    3.413544178009033,
    3.377854824066162,
    3.3858041763305664,
    3.4041128158569336,
    3.4149277210235596,
    3.399745225906372,
    3.394517183303833,
    3.3916847705841064,
    3.38287091255188
  ],
  "learning_rate": [
    0.0003000000142492354,
    0.0003000000142492354,
    0.0003000000142492354,
    0.0003000000142492354,
    0.0003000000142492354,
    0.0003000000142492354,
    0.0003000000142492354,
    0.0003000000142492354,
    0.0003000000142492354,
    0.0003000000142492354,
    0.0003000000142492354,
    0.0003000000142492354,
    0.0003000000142492354,
    0.0003000000142492354,
    0.0001500000071246177,
    0.0001500000071246177,
    0.0001500000071246177,
    0.0001500000071246177,
    0.0001500000071246177,
    0.0001500000071246177,
    7.500000356230885e-05,
    7.500000356230885e-05,
    7.500000356230885e-05,
    7.500000356230885e-05,
    3.7500001781154424e-05,
    3.7500001781154424e-05,
    3.7500001781154424e-05,
    3.7500001781154424e-05,
    3.7500001781154424e-05,
    3.7500001781154424e-05,
    3.7500001781154424e-05,
    3.7500001781154424e-05,
    1.8750000890577212e-05,
    1.8750000890577212e-05,
    1.8750000890577212e-05,
    1.8750000890577212e-05,
    1.8750000890577212e-05,
    9.375000445288606e-06,
    9.375000445288606e-06,
    9.375000445288606e-06,
    9.375000445288606e-06,
    9.375000445288606e-06,
    9.375000445288606e-06,
    9.375000445288606e-06,
    9.375000445288606e-06,
    9.375000445288606e-06,
    9.375000445288606e-06,
    9.375000445288606e-06,
    9.375000445288606e-06,
    9.375000445288606e-06,
    4.687500222644303e-06,
    4.687500222644303e-06,
    4.687500222644303e-06,
    2.3437501113221515e-06,
    2.3437501113221515e-06,
    2.3437501113221515e-06,
    2.3437501113221515e-06,
    2.3437501113221515e-06,
    2.3437501113221515e-06,
    2.3437501113221515e-06,
    2.3437501113221515e-06,
    1.1718750556610757e-06,
    1.1718750556610757e-06,
    1.1718750556610757e-06,
    9.999999974752427e-07
  ],
  "avg_wer": 0.10348484848484728,
  "avg_cer": 0.040408380068980246
}