{
  "loss": [
    68.8121109008789
  ],
  "val_loss": [
    70.60066223144531
  ],
  "learning_rate": [
    0.0003000000142492354
  ],
  "avg_wer": 1.0,
  "avg_cer": 1.0
}