{
  "loss": [
    3.4626128673553467,
    2.9226484298706055,
    2.6437079906463623,
    2.4201953411102295,
    2.029714584350586,
    1.8934818506240845,
    1.781859040260315,
    1.5315923690795898,
    1.4430052042007446,
    1.362432837486267,
    3.5343730449676514,
    3.091102123260498,
    3.0033934116363525,
    2.3416037559509277,
    2.0964088439941406,
    1.9492523670196533,
    1.8414294719696045,
    1.702136754989624,
    1.642529845237732,
    1.3500661849975586,
    1.2663170099258423,
    1.2047113180160522,
    1.1076031923294067,
    1.0605558156967163,
    1.0324342250823975,
    0.9855570197105408,
    0.9624055624008179,
    0.9539255499839783
  ],
  "val_loss": [
    5.44508695602417,
    10.596229553222656,
    10.017765998840332,
    8.137564659118652,
    7.931419849395752,
    6.17473840713501,
    6.497897148132324,
    8.406087875366211,
    7.311583518981934,
    9.102622985839844,
    6.264535903930664,
    13.929100036621094,
    9.090424537658691,
    10.216911315917969,
    7.031184673309326,
    5.165843963623047,
    11.775020599365234,
    7.520092010498047,
    11.902473449707031,
    5.756361961364746,
    6.634930610656738,
    6.728045463562012,
    6.686564922332764,
    11.350042343139648,
    14.216347694396973,
    7.712874412536621,
    7.392634868621826,
    8.930967330932617
  ],
  "learning_rate": [
    0.0003000000142492354,
    0.0003000000142492354,
    0.0003000000142492354,
    0.0003000000142492354,
    0.0001500000071246177,
    0.0001500000071246177,
    0.0001500000071246177,
    7.500000356230885e-05,
    7.500000356230885e-05,
    7.500000356230885e-05,
    0.0003000000142492354,
    0.0003000000142492354,
    0.0003000000142492354,
    0.0001500000071246177,
    0.0001500000071246177,
    0.0001500000071246177,
    0.0001500000071246177,
    0.0001500000071246177,
    0.0001500000071246177,
    7.500000356230885e-05,
    7.500000356230885e-05,
    7.500000356230885e-05,
    3.7500001781154424e-05,
    3.7500001781154424e-05,
    3.7500001781154424e-05,
    1.8750000890577212e-05,
    1.8750000890577212e-05,
    1.8750000890577212e-05
  ],
  "freeze": {
    "enabled": true,
    "warmup_epochs": 10,
    "warmup_freeze": "frontend",
    "post_warmup": "full_unfreeze",
    "transition_epoch": 10
  },
  "eval": {
    "val_oos": {
      "wer": 0.11983333333333393,
      "cer": 0.05274197145873472
    },
    "val_is": {
      "wer": 0.0959595959595959,
      "cer": 0.03656630458824817
    }
  }
}