{
  "loss": [
    3.2144834995269775,
    2.9530510902404785,
    2.774989604949951,
    2.572417736053467,
    2.4244749546051025,
    2.351619243621826,
    2.3519339561462402,
    1.840356707572937,
    1.6953704357147217,
    1.6205105781555176,
    1.551574468612671,
    1.4713166952133179,
    1.424416184425354,
    1.289866328239441,
    1.230141520500183,
    1.1949044466018677,
    1.1694459915161133,
    1.100278615951538,
    1.0753412246704102,
    1.0586071014404297,
    1.0141831636428833
  ],
  "val_loss": [
    4.191361427307129,
    12.392406463623047,
    4.267456531524658,
    3.043985366821289,
    3.7254159450531006,
    5.009778022766113,
    8.21422290802002,
    2.9632277488708496,
    2.967073440551758,
    2.9003987312316895,
    2.906113862991333,
    3.255788803100586,
    5.525684356689453,
    2.740194320678711,
    2.895082473754883,
    3.1148197650909424,
    3.843644380569458,
    2.941376209259033,
    2.9929604530334473,
    2.8532512187957764,
    2.962622880935669
  ],
  "learning_rate": [
    0.0003000000142492354,
    0.0003000000142492354,
    0.0003000000142492354,
    0.0003000000142492354,
    0.0003000000142492354,
    0.0003000000142492354,
    0.0003000000142492354,
    0.0001500000071246177,
    0.0001500000071246177,
    0.0001500000071246177,
    0.0001500000071246177,
    0.0001500000071246177,
    0.0001500000071246177,
    7.500000356230885e-05,
    7.500000356230885e-05,
    7.500000356230885e-05,
    7.500000356230885e-05,
    3.7500001781154424e-05,
    3.7500001781154424e-05,
    3.7500001781154424e-05,
    1.8750000890577212e-05
  ],
  "eval": {
    "val_oos": {
      "wer": 0.08966666666666685,
      "cer": 0.028786413274900773
    },
    "val_is": {
      "wer": 0.0707070707070707,
      "cer": 0.02390540668978723
    }
  }
}