{
  "loss": [
    46.989383697509766,
    25.331483840942383,
    17.756853103637695,
    15.125518798828125,
    12.508186340332031,
    9.54336929321289,
    7.67363977432251,
    6.560211658477783,
    6.02499532699585,
    5.684711456298828,
    5.451315879821777,
    4.95250940322876,
    4.746169567108154,
    4.57780647277832,
    4.499064922332764,
    4.418574333190918,
    4.327286720275879,
    4.234166145324707,
    3.9536235332489014,
    3.7773725986480713,
    3.6434831619262695,
    3.510849952697754,
    3.392479181289673,
    3.2879316806793213,
    3.1906983852386475,
    3.067115545272827,
    2.9898431301116943,
    2.887667179107666,
    2.8245434761047363,
    2.739656448364258,
    2.6700897216796875,
    2.6016533374786377,
    2.546792984008789,
    2.399691104888916,
    2.3565752506256104,
    2.2926254272460938,
    2.2411465644836426,
    2.2067909240722656,
    2.1586098670959473,
    2.142305850982666,
    2.125046968460083,
    2.0846102237701416,
    2.0656816959381104,
    2.045938014984131,
    2.0452420711517334,
    2.0306780338287354,
    2.0322670936584473,
    2.021793842315674,
    2.0079822540283203
  ],
  "val_loss": [
    30.873960494995117,
    21.563648223876953,
    16.355224609375,
    21.504737854003906,
    28.92499351501465,
    8.40263557434082,
    8.723869323730469,
    8.207901954650879,
    31.570316314697266,
    9.147783279418945,
    12.161715507507324,
    7.952629566192627,
    5.928597927093506,
    7.188552379608154,
    5.616442680358887,
    5.697664737701416,
    6.460061073303223,
    7.181495189666748,
    5.295075416564941,
    4.97282600402832,
    5.053399085998535,
    4.732165813446045,
    4.580231189727783,
    4.469361305236816,
    5.096954822540283,
    4.745910167694092,
    4.428936004638672,
    4.143576145172119,
    4.193044185638428,
    4.096060276031494,
    4.161821365356445,
    4.49599552154541,
    4.634167194366455,
    3.933553457260132,
    4.153796195983887,
    4.219307899475098,
    3.9782803058624268,
    3.841031312942505,
    4.027585506439209,
    4.062699794769287,
    3.9866063594818115,
    3.820769786834717,
    3.836214780807495,
    3.8920602798461914,
    3.8894455432891846,
    3.91080904006958,
    3.868459463119507,
    3.8772428035736084,
    3.852342128753662
  ],
  "learning_rate": [
    0.0003000000142492354,
    0.0003000000142492354,
    0.0003000000142492354,
    0.0003000000142492354,
    0.0003000000142492354,
    0.0003000000142492354,
    0.0003000000142492354,
    0.0003000000142492354,
    0.0003000000142492354,
    0.0003000000142492354,
    0.0003000000142492354,
    0.0001500000071246177,
    0.0001500000071246177,
    0.0001500000071246177,
    0.0001500000071246177,
    0.0001500000071246177,
    0.0001500000071246177,
    0.0001500000071246177,
    7.500000356230885e-05,
    7.500000356230885e-05,
    7.500000356230885e-05,
    7.500000356230885e-05,
    7.500000356230885e-05,
    7.500000356230885e-05,
    7.500000356230885e-05,
    7.500000356230885e-05,
    7.500000356230885e-05,
    7.500000356230885e-05,
    7.500000356230885e-05,
    7.500000356230885e-05,
    7.500000356230885e-05,
    7.500000356230885e-05,
    7.500000356230885e-05,
    3.7500001781154424e-05,
    3.7500001781154424e-05,
    3.7500001781154424e-05,
    3.7500001781154424e-05,
    1.8750000890577212e-05,
    1.8750000890577212e-05,
    1.8750000890577212e-05,
    1.8750000890577212e-05,
    9.375000445288606e-06,
    9.375000445288606e-06,
    9.375000445288606e-06,
    9.375000445288606e-06,
    4.687500222644303e-06,
    4.687500222644303e-06,
    4.687500222644303e-06,
    2.3437501113221515e-06
  ],
  "avg_wer": 0.12651515151514697,
  "avg_cer": 0.04445160854550885
}